Insert into NTHANIK.ADMINISTRATOR (AID,ADMIN_FNAME,ADMIN_LNAME,ADMIN_PWD,DOB,USERNAME,SSN,ENFORCED) values ('1111','Albus','Dumbledore','hogwarts',to_date('26-MAY-84','DD-MON-RR'),'alby','1111',1);
Insert into NTHANIK.ACCOUNT (TOTAL_AMOUNT,SID,BALANCE) values (0,'101',0);
Insert into NTHANIK.ACCOUNT (TOTAL_AMOUNT,SID,BALANCE) values (0,'102',0);
Insert into NTHANIK.ACCOUNT (TOTAL_AMOUNT,SID,BALANCE) values (0,'103',0);
Insert into NTHANIK.ACCOUNT (TOTAL_AMOUNT,SID,BALANCE) values (0,'104',0);
Insert into NTHANIK.CLASSES (CLASS_ID,WAITLIST_MAX,TOTAL_COUNT,SEMESTER,CUR_YEAR,MAX_COUNT,COURSE_ID) values ('1',2,0,'FALL',2016,2,'CS401');
Insert into NTHANIK.CLASSES (CLASS_ID,WAITLIST_MAX,TOTAL_COUNT,SEMESTER,CUR_YEAR,MAX_COUNT,COURSE_ID) values ('2',2,0,'FALL',2016,2,'CS510');
Insert into NTHANIK.CLASSES (CLASS_ID,WAITLIST_MAX,TOTAL_COUNT,SEMESTER,CUR_YEAR,MAX_COUNT,COURSE_ID) values ('3',2,0,'FALL',2016,3,'CS515');
Insert into NTHANIK.CLASSES (CLASS_ID,WAITLIST_MAX,TOTAL_COUNT,SEMESTER,CUR_YEAR,MAX_COUNT,COURSE_ID) values ('4',2,0,'FALL',2016,3,'CS520');
Insert into NTHANIK.CLASSES (CLASS_ID,WAITLIST_MAX,TOTAL_COUNT,SEMESTER,CUR_YEAR,MAX_COUNT,COURSE_ID) values ('5',0,0,'FALL',2016,2,'CS525');
Insert into NTHANIK.CLASSES (CLASS_ID,WAITLIST_MAX,TOTAL_COUNT,SEMESTER,CUR_YEAR,MAX_COUNT,COURSE_ID) values ('6',2,0,'FALL',2016,4,'CE420');
Insert into NTHANIK.CLASSES (CLASS_ID,WAITLIST_MAX,TOTAL_COUNT,SEMESTER,CUR_YEAR,MAX_COUNT,COURSE_ID) values ('7',2,0,'SPRING',2017,2,'CS402');
Insert into NTHANIK.CLASSES (CLASS_ID,WAITLIST_MAX,TOTAL_COUNT,SEMESTER,CUR_YEAR,MAX_COUNT,COURSE_ID) values ('8',2,0,'SPRING',2017,5,'CS510');
Insert into NTHANIK.CLASSES (CLASS_ID,WAITLIST_MAX,TOTAL_COUNT,SEMESTER,CUR_YEAR,MAX_COUNT,COURSE_ID) values ('9',2,0,'SPRING',2017,2,'CS505');
Insert into NTHANIK.CLASSES (CLASS_ID,WAITLIST_MAX,TOTAL_COUNT,SEMESTER,CUR_YEAR,MAX_COUNT,COURSE_ID) values ('10',2,0,'SPRING',2017,3,'CS521');
Insert into NTHANIK.CLASSES (CLASS_ID,WAITLIST_MAX,TOTAL_COUNT,SEMESTER,CUR_YEAR,MAX_COUNT,COURSE_ID) values ('11',0,0,'SPRING',2017,2,'CS525');
Insert into NTHANIK.CLASSES (CLASS_ID,WAITLIST_MAX,TOTAL_COUNT,SEMESTER,CUR_YEAR,MAX_COUNT,COURSE_ID) values ('12',2,0,'SPRING',2017,2,'CS530');
Insert into NTHANIK.CLASSES (CLASS_ID,WAITLIST_MAX,TOTAL_COUNT,SEMESTER,CUR_YEAR,MAX_COUNT,COURSE_ID) values ('13',2,0,'SPRING',2017,4,'CS421');
Insert into NTHANIK.COMPARISON (SID,OLD_GPA) values ('101',5);
Insert into NTHANIK.COMPARISON (SID,OLD_GPA) values ('102',5);
Insert into NTHANIK.COMPARISON (SID,OLD_GPA) values ('103',4);
Insert into NTHANIK.COMPARISON (SID,OLD_GPA) values ('104',3.8866666666666666666666666666666666667);
Insert into NTHANIK.COURSE (COURSE_ID,MIN_NUM_OF_CREDITS,MAX_NUM_OF_CREDITS,COURSE_LEVEL,DEPT,TITLE) values ('CS401',3,3,1,'CS','Introduction to Computer Science');
Insert into NTHANIK.COURSE (COURSE_ID,MIN_NUM_OF_CREDITS,MAX_NUM_OF_CREDITS,COURSE_LEVEL,DEPT,TITLE) values ('CS510',3,3,2,'CS','Database');
Insert into NTHANIK.COURSE (COURSE_ID,MIN_NUM_OF_CREDITS,MAX_NUM_OF_CREDITS,COURSE_LEVEL,DEPT,TITLE) values ('CS515',3,3,2,'CS','Software Engineering');
Insert into NTHANIK.COURSE (COURSE_ID,MIN_NUM_OF_CREDITS,MAX_NUM_OF_CREDITS,COURSE_LEVEL,DEPT,TITLE) values ('CS520',3,3,2,'CS','Interner Protocols');
Insert into NTHANIK.COURSE (COURSE_ID,MIN_NUM_OF_CREDITS,MAX_NUM_OF_CREDITS,COURSE_LEVEL,DEPT,TITLE) values ('CS525',1,3,2,'CS','Independent Study');
Insert into NTHANIK.COURSE (COURSE_ID,MIN_NUM_OF_CREDITS,MAX_NUM_OF_CREDITS,COURSE_LEVEL,DEPT,TITLE) values ('CE420',3,3,1,'ECE','VLSI');
Insert into NTHANIK.COURSE (COURSE_ID,MIN_NUM_OF_CREDITS,MAX_NUM_OF_CREDITS,COURSE_LEVEL,DEPT,TITLE) values ('CS402',3,3,1,'CS','Numerical Methods');
Insert into NTHANIK.COURSE (COURSE_ID,MIN_NUM_OF_CREDITS,MAX_NUM_OF_CREDITS,COURSE_LEVEL,DEPT,TITLE) values ('CS505',3,3,2,'CS','Algorithms');
Insert into NTHANIK.COURSE (COURSE_ID,MIN_NUM_OF_CREDITS,MAX_NUM_OF_CREDITS,COURSE_LEVEL,DEPT,TITLE) values ('CS521',3,3,2,'CS','Cloud Computing');
Insert into NTHANIK.COURSE (COURSE_ID,MIN_NUM_OF_CREDITS,MAX_NUM_OF_CREDITS,COURSE_LEVEL,DEPT,TITLE) values ('CS530',3,3,2,'CS','Dev-Ops');
Insert into NTHANIK.COURSE (COURSE_ID,MIN_NUM_OF_CREDITS,MAX_NUM_OF_CREDITS,COURSE_LEVEL,DEPT,TITLE) values ('CS421',3,3,1,'ECE','VLSI II');
Insert into NTHANIK.ENROLL (COURSE_ID,CLASS_ID,SID,NUM_OF_CREDITS,GRADE) values ('CS510','2','103',3,null);
Insert into NTHANIK.ENROLL (COURSE_ID,CLASS_ID,SID,NUM_OF_CREDITS,GRADE) values ('CS515','3','103',3,'A');
Insert into NTHANIK.ENROLL (COURSE_ID,CLASS_ID,SID,NUM_OF_CREDITS,GRADE) values ('CS510','2','104',3,'A');
Insert into NTHANIK.ENROLL (COURSE_ID,CLASS_ID,SID,NUM_OF_CREDITS,GRADE) values ('CS515','3','104',3,'B+');
Insert into NTHANIK.ENROLL (COURSE_ID,CLASS_ID,SID,NUM_OF_CREDITS,GRADE) values ('CS525','5','104',3,'A+');
Insert into NTHANIK.ENROLL (COURSE_ID,CLASS_ID,SID,NUM_OF_CREDITS,GRADE) values ('CS520','4','103',3,'A-');
Insert into NTHANIK.ENROLL (COURSE_ID,CLASS_ID,SID,NUM_OF_CREDITS,GRADE) values ('CS515','3','102',3,'B+');
Insert into NTHANIK.ENROLL (COURSE_ID,CLASS_ID,SID,NUM_OF_CREDITS,GRADE) values ('CS525','5','103',3,'A+');
Insert into NTHANIK.GRADING (GRADE,GP) values ('A+',4.33);
Insert into NTHANIK.GRADING (GRADE,GP) values ('A',4);
Insert into NTHANIK.GRADING (GRADE,GP) values ('A-',3.67);
Insert into NTHANIK.GRADING (GRADE,GP) values ('B+',3.33);
Insert into NTHANIK.GRADING (GRADE,GP) values ('B',3);
Insert into NTHANIK.GRADING (GRADE,GP) values ('B-',2.67);
Insert into NTHANIK.GRADING (GRADE,GP) values ('C+',2.33);
Insert into NTHANIK.GRADING (GRADE,GP) values ('C',2);
Insert into NTHANIK.GRADING (GRADE,GP) values ('C-',1.67);
Insert into NTHANIK.PRE_CONDITION (COURSE_ID,PREREQ_COURSEID,MIN_GPA,PERM) values ('CS401','NONE',0,'PREREQ');
Insert into NTHANIK.PRE_CONDITION (COURSE_ID,PREREQ_COURSEID,MIN_GPA,PERM) values ('CS510','NONE',0,'PREREQ');
Insert into NTHANIK.PRE_CONDITION (COURSE_ID,PREREQ_COURSEID,MIN_GPA,PERM) values ('CS515','NONE',0,'PREREQ');
Insert into NTHANIK.PRE_CONDITION (COURSE_ID,PREREQ_COURSEID,MIN_GPA,PERM) values ('CS520','NONE',0,'PREREQ');
Insert into NTHANIK.PRE_CONDITION (COURSE_ID,PREREQ_COURSEID,MIN_GPA,PERM) values ('CS525','NONE',0,'SPPERM');
Insert into NTHANIK.PRE_CONDITION (COURSE_ID,PREREQ_COURSEID,MIN_GPA,PERM) values ('CE420','NONE',0,'PREREQ');
Insert into NTHANIK.PRE_CONDITION (COURSE_ID,PREREQ_COURSEID,MIN_GPA,PERM) values ('CS402','CS401',0,'PREREQ');
Insert into NTHANIK.PRE_CONDITION (COURSE_ID,PREREQ_COURSEID,MIN_GPA,PERM) values ('CS505','NONE',0,'PREREQ');
Insert into NTHANIK.PRE_CONDITION (COURSE_ID,PREREQ_COURSEID,MIN_GPA,PERM) values ('CS521','CS520',3.5,'PREREQ');
Insert into NTHANIK.PRE_CONDITION (COURSE_ID,PREREQ_COURSEID,MIN_GPA,PERM) values ('CS530','CS525',0,'PREREQ');
Insert into NTHANIK.PRE_CONDITION (COURSE_ID,PREREQ_COURSEID,MIN_GPA,PERM) values ('CS421','CE420',0,'PREREQ');

Insert into NTHANIK.RSTATUS (STUDENT_LEVEL,RESIDENCY,DOLLAR_HOUR,MIN_CREDIT,MAX_CREDIT) values (2,1,500,0,9);
Insert into NTHANIK.RSTATUS (STUDENT_LEVEL,RESIDENCY,DOLLAR_HOUR,MIN_CREDIT,MAX_CREDIT) values (2,2,800,0,9);
Insert into NTHANIK.RSTATUS (STUDENT_LEVEL,RESIDENCY,DOLLAR_HOUR,MIN_CREDIT,MAX_CREDIT) values (2,3,1000,9,9);
Insert into NTHANIK.RSTATUS (STUDENT_LEVEL,RESIDENCY,DOLLAR_HOUR,MIN_CREDIT,MAX_CREDIT) values (1,1,400,0,12);
Insert into NTHANIK.RSTATUS (STUDENT_LEVEL,RESIDENCY,DOLLAR_HOUR,MIN_CREDIT,MAX_CREDIT) values (1,2,700,0,12);
Insert into NTHANIK.RSTATUS (STUDENT_LEVEL,RESIDENCY,DOLLAR_HOUR,MIN_CREDIT,MAX_CREDIT) values (1,3,900,9,12);
Insert into NTHANIK.SCHEDULE (CLASS_ID,DAYS,FROM_TIME,TO_TIME,LOCATION) values ('1','W',to_timestamp('30-MAR-17 12.00.00.000000000 PM','DD-MON-RR HH.MI.SSXFF AM'),to_timestamp('30-MAR-17 01.00.00.000000000 PM','DD-MON-RR HH.MI.SSXFF AM'),'eb');
Insert into NTHANIK.SCHEDULE (CLASS_ID,DAYS,FROM_TIME,TO_TIME,LOCATION) values ('2','Tu',to_timestamp('30-MAR-17 01.00.00.000000000 PM','DD-MON-RR HH.MI.SSXFF AM'),to_timestamp('30-MAR-17 02.00.00.000000000 PM','DD-MON-RR HH.MI.SSXFF AM'),'eb');
Insert into NTHANIK.SCHEDULE (CLASS_ID,DAYS,FROM_TIME,TO_TIME,LOCATION) values ('1','M',to_timestamp('30-MAR-17 12.00.00.000000000 PM','DD-MON-RR HH.MI.SSXFF AM'),to_timestamp('30-MAR-17 01.00.00.000000000 PM','DD-MON-RR HH.MI.SSXFF AM'),'eb');
Insert into NTHANIK.SCHEDULE (CLASS_ID,DAYS,FROM_TIME,TO_TIME,LOCATION) values ('2','Th',to_timestamp('30-MAR-17 01.00.00.000000000 PM','DD-MON-RR HH.MI.SSXFF AM'),to_timestamp('30-MAR-17 02.00.00.000000000 PM','DD-MON-RR HH.MI.SSXFF AM'),'eb');
Insert into NTHANIK.SCHEDULE (CLASS_ID,DAYS,FROM_TIME,TO_TIME,LOCATION) values ('3','Tu',to_timestamp('30-MAR-17 02.00.00.000000000 PM','DD-MON-RR HH.MI.SSXFF AM'),to_timestamp('30-MAR-17 03.00.00.000000000 PM','DD-MON-RR HH.MI.SSXFF AM'),'eb');
Insert into NTHANIK.SCHEDULE (CLASS_ID,DAYS,FROM_TIME,TO_TIME,LOCATION) values ('3','Th',to_timestamp('30-MAR-17 02.00.00.000000000 PM','DD-MON-RR HH.MI.SSXFF AM'),to_timestamp('30-MAR-17 03.00.00.000000000 PM','DD-MON-RR HH.MI.SSXFF AM'),'eb');
Insert into NTHANIK.SCHEDULE (CLASS_ID,DAYS,FROM_TIME,TO_TIME,LOCATION) values ('4','M',to_timestamp('30-MAR-17 11.00.00.000000000 AM','DD-MON-RR HH.MI.SSXFF AM'),to_timestamp('30-MAR-17 12.00.00.000000000 PM','DD-MON-RR HH.MI.SSXFF AM'),'eb');
Insert into NTHANIK.SCHEDULE (CLASS_ID,DAYS,FROM_TIME,TO_TIME,LOCATION) values ('4','W',to_timestamp('30-MAR-17 11.00.00.000000000 AM','DD-MON-RR HH.MI.SSXFF AM'),to_timestamp('30-MAR-17 12.00.00.000000000 PM','DD-MON-RR HH.MI.SSXFF AM'),'eb');
Insert into NTHANIK.SCHEDULE (CLASS_ID,DAYS,FROM_TIME,TO_TIME,LOCATION) values ('5','M',to_timestamp('30-MAR-17 03.00.00.000000000 PM','DD-MON-RR HH.MI.SSXFF AM'),to_timestamp('30-MAR-17 04.00.00.000000000 PM','DD-MON-RR HH.MI.SSXFF AM'),'eb');
Insert into NTHANIK.SCHEDULE (CLASS_ID,DAYS,FROM_TIME,TO_TIME,LOCATION) values ('5','W',to_timestamp('30-MAR-17 03.00.00.000000000 PM','DD-MON-RR HH.MI.SSXFF AM'),to_timestamp('30-MAR-17 04.00.00.000000000 PM','DD-MON-RR HH.MI.SSXFF AM'),'eb');
Insert into NTHANIK.SCHEDULE (CLASS_ID,DAYS,FROM_TIME,TO_TIME,LOCATION) values ('6','F',to_timestamp('30-MAR-17 03.00.00.000000000 PM','DD-MON-RR HH.MI.SSXFF AM'),to_timestamp('30-MAR-17 05.00.00.000000000 PM','DD-MON-RR HH.MI.SSXFF AM'),'eb');
Insert into NTHANIK.SCHEDULE (CLASS_ID,DAYS,FROM_TIME,TO_TIME,LOCATION) values ('7','M',to_timestamp('30-MAR-17 11.00.00.000000000 AM','DD-MON-RR HH.MI.SSXFF AM'),to_timestamp('30-MAR-17 12.00.00.000000000 PM','DD-MON-RR HH.MI.SSXFF AM'),'eb');
Insert into NTHANIK.SCHEDULE (CLASS_ID,DAYS,FROM_TIME,TO_TIME,LOCATION) values ('7','W',to_timestamp('30-MAR-17 11.00.00.000000000 AM','DD-MON-RR HH.MI.SSXFF AM'),to_timestamp('30-MAR-17 12.00.00.000000000 PM','DD-MON-RR HH.MI.SSXFF AM'),'eb');
Insert into NTHANIK.SCHEDULE (CLASS_ID,DAYS,FROM_TIME,TO_TIME,LOCATION) values ('8','T',to_timestamp('30-MAR-17 01.00.00.000000000 PM','DD-MON-RR HH.MI.SSXFF AM'),to_timestamp('30-MAR-17 02.00.00.000000000 PM','DD-MON-RR HH.MI.SSXFF AM'),'eb');
Insert into NTHANIK.SCHEDULE (CLASS_ID,DAYS,FROM_TIME,TO_TIME,LOCATION) values ('8','Th',to_timestamp('30-MAR-17 01.00.00.000000000 PM','DD-MON-RR HH.MI.SSXFF AM'),to_timestamp('30-MAR-17 02.00.00.000000000 PM','DD-MON-RR HH.MI.SSXFF AM'),'eb');
Insert into NTHANIK.SCHEDULE (CLASS_ID,DAYS,FROM_TIME,TO_TIME,LOCATION) values ('9','M',to_timestamp('30-MAR-17 11.00.00.000000000 AM','DD-MON-RR HH.MI.SSXFF AM'),to_timestamp('30-MAR-17 12.00.00.000000000 PM','DD-MON-RR HH.MI.SSXFF AM'),'eb1');
Insert into NTHANIK.SCHEDULE (CLASS_ID,DAYS,FROM_TIME,TO_TIME,LOCATION) values ('9','W',to_timestamp('30-MAR-17 11.00.00.000000000 AM','DD-MON-RR HH.MI.SSXFF AM'),to_timestamp('30-MAR-17 12.00.00.000000000 PM','DD-MON-RR HH.MI.SSXFF AM'),'eb1');
Insert into NTHANIK.SCHEDULE (CLASS_ID,DAYS,FROM_TIME,TO_TIME,LOCATION) values ('10','T',to_timestamp('30-MAR-17 01.00.00.000000000 PM','DD-MON-RR HH.MI.SSXFF AM'),to_timestamp('30-MAR-17 02.00.00.000000000 PM','DD-MON-RR HH.MI.SSXFF AM'),'eb1');
Insert into NTHANIK.SCHEDULE (CLASS_ID,DAYS,FROM_TIME,TO_TIME,LOCATION) values ('10','Th',to_timestamp('30-MAR-17 01.00.00.000000000 PM','DD-MON-RR HH.MI.SSXFF AM'),to_timestamp('30-MAR-17 02.00.00.000000000 PM','DD-MON-RR HH.MI.SSXFF AM'),'eb1');
Insert into NTHANIK.SCHEDULE (CLASS_ID,DAYS,FROM_TIME,TO_TIME,LOCATION) values ('11','M',to_timestamp('30-MAR-17 02.00.00.000000000 PM','DD-MON-RR HH.MI.SSXFF AM'),to_timestamp('30-MAR-17 03.00.00.000000000 PM','DD-MON-RR HH.MI.SSXFF AM'),'eb');
Insert into NTHANIK.SCHEDULE (CLASS_ID,DAYS,FROM_TIME,TO_TIME,LOCATION) values ('12','W',to_timestamp('30-MAR-17 11.00.00.000000000 AM','DD-MON-RR HH.MI.SSXFF AM'),to_timestamp('30-MAR-17 12.00.00.000000000 PM','DD-MON-RR HH.MI.SSXFF AM'),'eb');
Insert into NTHANIK.SCHEDULE (CLASS_ID,DAYS,FROM_TIME,TO_TIME,LOCATION) values ('13','T',to_timestamp('30-MAR-17 04.00.00.000000000 PM','DD-MON-RR HH.MI.SSXFF AM'),to_timestamp('30-MAR-17 05.00.00.000000000 PM','DD-MON-RR HH.MI.SSXFF AM'),'eb');
Insert into NTHANIK.SCHEDULE (CLASS_ID,DAYS,FROM_TIME,TO_TIME,LOCATION) values ('13','Th',to_timestamp('30-MAR-17 04.00.00.000000000 PM','DD-MON-RR HH.MI.SSXFF AM'),to_timestamp('30-MAR-17 05.00.00.000000000 PM','DD-MON-RR HH.MI.SSXFF AM'),'eb');
Insert into NTHANIK.SCHEDULE (CLASS_ID,DAYS,FROM_TIME,TO_TIME,LOCATION) values ('11','W',to_timestamp('30-MAR-17 02.00.00.000000000 PM','DD-MON-RR HH.MI.SSXFF AM'),to_timestamp('30-MAR-17 03.00.00.000000000 PM','DD-MON-RR HH.MI.SSXFF AM'),'eb');
Insert into NTHANIK.SCHEDULE (CLASS_ID,DAYS,FROM_TIME,TO_TIME,LOCATION) values ('12','M',to_timestamp('30-MAR-17 11.00.00.000000000 AM','DD-MON-RR HH.MI.SSXFF AM'),to_timestamp('30-MAR-17 12.00.00.000000000 PM','DD-MON-RR HH.MI.SSXFF AM'),'eb');
Insert into NTHANIK.STUDENT (SID,FNAME,LNAME,DID,PWD,EMAIL,STUDENT_LEVEL,RESIDENCY,GPA,DOB) values ('101','Harry','Potter','ECE','password',null,1,1,4,to_date('11-OCT-11','DD-MON-RR'));
Insert into NTHANIK.STUDENT (SID,FNAME,LNAME,DID,PWD,EMAIL,STUDENT_LEVEL,RESIDENCY,GPA,DOB) values ('102','Hermoine','Granger','CS','password',null,2,1,3.33,to_date('02-SEP-94','DD-MON-RR'));
Insert into NTHANIK.STUDENT (SID,FNAME,LNAME,DID,PWD,EMAIL,STUDENT_LEVEL,RESIDENCY,GPA,DOB) values ('103','Ron','Weasley','CS','password',null,2,2,4,to_date('19-DEC-91','DD-MON-RR'));
Insert into NTHANIK.STUDENT (SID,FNAME,LNAME,DID,PWD,EMAIL,STUDENT_LEVEL,RESIDENCY,GPA,DOB) values ('104','Draco','Malfoy',null,'password',null,2,3,3.8866666666666666666666666666666666667,null);
